curriculum,grade,subject,topic,subtopic,question_type,question_text,options,correct_answer,difficulty,explanation,hint,solution_steps
IB,Grade 12,Biology HL,Developmental Biology (HL),Morphogens & Gradients,MCQ,"What is a morphogen?","[""A) A type of enzyme that breaks down proteins"", ""B) A signaling molecule that forms a concentration gradient and specifies cell fate"", ""C) A structural protein in the cell membrane"", ""D) A molecule that provides energy for development""]",B,Easy,"A morphogen is a signaling molecule that diffuses from a source and forms a concentration gradient. Cells respond to different concentrations of the morphogen by adopting different fates, allowing position-dependent cell differentiation. This is a fundamental mechanism in pattern formation.","Think about molecules that can tell cells where they are in the developing embryo.","1. Morphogens are signaling molecules\n2. They form concentration gradients\n3. Cells respond based on concentration\n4. Answer: B"
IB,Grade 12,Biology HL,Developmental Biology (HL),Morphogens & Gradients,MCQ,"How do cells interpret their position using morphogen gradients?","[""A) By measuring the temperature gradient"", ""B) By detecting the concentration of the morphogen"", ""C) By counting how many times they have divided"", ""D) By sensing mechanical pressure""]",B,Medium,"Cells have receptors that detect the concentration of morphogens. Different concentrations activate different sets of genes, causing cells to differentiate accordingly. High concentrations might specify one cell type, while low concentrations specify another, creating a pattern of different cell types along the gradient.","Think about how cells can sense where they are based on signal strength.","1. Morphogens form concentration gradients\n2. Cells have receptors for morphogens\n3. Different concentrations trigger different responses\n4. Answer: B"
IB,Grade 12,Biology HL,Developmental Biology (HL),Morphogens & Gradients,MCQ,"What is the 'French flag model' in developmental biology?","[""A) A model explaining how three colors can appear in developing tissue"", ""B) A model showing how morphogen gradients can create distinct regions with different cell fates"", ""C) A model of how flags develop in embryos"", ""D) A model of French scientists' contributions to biology""]",B,Medium,"The French flag model, proposed by Lewis Wolpert, illustrates how a single morphogen gradient can create distinct regions with different cell fates (like the three colored bands of the French flag). High morphogen concentration specifies one cell type (blue), medium concentration another (white), and low concentration a third (red).","This is a classic conceptual model in developmental biology named for its visual similarity to a flag.","1. French flag has three distinct colored regions\n2. Morphogen gradient creates threshold responses\n3. Different concentrations specify different cell types\n4. Answer: B"
IB,Grade 12,Biology HL,Developmental Biology (HL),Morphogens & Gradients,MCQ,"What happens when morphogen signaling is disrupted during development?","[""A) Nothing, because cells have backup mechanisms"", ""B) Pattern defects occur, with structures forming in wrong locations or not at all"", ""C) Development proceeds normally but slower"", ""D) Only adult structures are affected, not embryonic ones""]",B,Hard,"Disrupting morphogen signaling typically causes pattern defects because cells cannot correctly determine their position. This can result in missing structures, duplicated structures, or structures forming in the wrong locations. The severity depends on which morphogen is affected and when disruption occurs.","Consider the consequences of cells not knowing where they are in the developing embryo.","1. Morphogens specify positional information\n2. Without correct signals, cells cannot determine position\n3. This causes pattern defects\n4. Answer: B"
IB,Grade 12,Biology HL,Developmental Biology (HL),Morphogens & Gradients,FillBlank,"A concentration ___ occurs when a morphogen diffuses from its source, creating different concentrations at different distances.",gradient,Easy,"A gradient is a gradual change in concentration across space. Morphogen gradients are created when morphogens are produced at a source and diffuse outward, creating highest concentrations near the source and lowest concentrations farther away. This spatial information guides development.","This term describes a gradual change in concentration across space.","1. Morphogen spreads from source\n2. Concentration varies with distance\n3. This creates a concentration gradient\n4. Answer: gradient"
IB,Grade 12,Biology HL,Developmental Biology (HL),Morphogens & Gradients,FillBlank,"Cells adopt different fates based on ___ concentrations of morphogen they are exposed to.",different,Easy,"The key principle of morphogen signaling is that different concentrations trigger different cellular responses. Threshold concentrations determine cell fate boundaries - cells above a certain concentration adopt one fate, while cells below adopt another fate.","Cells respond differently depending on whether they detect high or low amounts of morphogen.","1. Morphogen concentration varies across tissue\n2. Cells respond based on amount detected\n3. Different concentrations = different fates\n4. Answer: different"
IB,Grade 12,Biology HL,Developmental Biology (HL),Morphogens & Gradients,FillBlank,"The concept that cells determine their position by interpreting morphogen gradients is called ___ information.",positional,Medium,"Positional information is the concept that cells can determine where they are in a developing structure by interpreting signals like morphogen gradients. This information then determines what the cell will become, allowing the same genome to produce different cell types in different locations.","This type of information tells cells 'where' they are, not 'what' they are.","1. Cells need to know their location\n2. Morphogen gradients provide location cues\n3. This is positional information\n4. Answer: positional"
IB,Grade 12,Biology HL,Developmental Biology (HL),Morphogens & Gradients,FreeResponse,"Explain how a single morphogen gradient can create multiple distinct cell types along an axis.","A single morphogen gradient can create multiple distinct cell types through a threshold response mechanism. As the morphogen diffuses from its source, it creates a concentration gradient with highest levels near the source and lowest levels far away. Cells have different sensitivities to the morphogen based on the regulatory regions of their genes. At high morphogen concentrations (near the source), one set of genes is activated, specifying cell type A. At intermediate concentrations, a different threshold is crossed, activating genes for cell type B while repressing genes for type A. At low concentrations (far from the source), yet another set of genes is activated, specifying cell type C. This creates distinct regions or 'stripes' of different cell types along the gradient, similar to the bands of color in the French flag model. The boundaries between cell types are sharp because the gene regulatory networks often include cross-repression - genes for one cell type actively repress genes for other types, preventing intermediate states. This elegant mechanism allows a simple concentration gradient to create complex spatial patterns with multiple cell types from a single signaling molecule.",Medium,"This answer explains the molecular mechanism underlying pattern formation from morphogen gradients. Understanding threshold responses and gene regulation is key to comprehending how simple signals create complex patterns.","Think about how cells might respond differently to high versus medium versus low concentrations of the same signal.","1. Describe morphogen diffusion creating gradient\n2. Explain threshold responses at different concentrations\n3. Describe gene activation patterns (high, medium, low)\n4. Mention cross-repression creating sharp boundaries\n5. Connect to French flag model"
IB,Grade 12,Biology HL,Developmental Biology (HL),Morphogens & Gradients,FreeResponse,"Describe what would happen if a morphogen gradient was artificially flattened so that all cells received the same concentration.","If a morphogen gradient was artificially flattened so all cells received the same concentration, pattern formation would be severely disrupted. Instead of creating distinct regions with different cell types, all cells would receive the same positional information and adopt the same fate. For example, if all cells received a high concentration of the morphogen, they would all become the cell type normally specified by high concentration, and the cell types normally specified by medium and low concentrations would not form. This would result in a loss of pattern and spatial organization. The developing structure might have too much of one tissue type and completely lack others. In extreme cases, this could prevent formation of essential structures or organs. This demonstrates why morphogen gradients are essential - they provide the spatial information needed to create organized, patterned structures with different cell types in the right locations. Experimental flattening of morphogen gradients in model organisms confirms this, showing that normal development requires properly formed gradients.",Medium,"This answer uses a hypothetical manipulation to demonstrate the importance of morphogen gradients. Understanding what happens when normal processes are disrupted helps clarify their function.","Consider what information cells would lose if the gradient was eliminated.","1. Explain that all cells would receive same concentration\n2. Describe result: all cells adopt same fate\n3. Explain loss of pattern and diversity\n4. Discuss consequences for development\n5. Note experimental evidence supports this"
IB,Grade 12,Biology HL,Developmental Biology (HL),Morphogens & Gradients,FreeResponse,"Explain the concept of 'positional information' and how it relates to morphogen gradients.","Positional information is a fundamental concept in developmental biology referring to the signals that tell cells where they are located within a developing organism. This concept, articulated by Lewis Wolpert, proposes that cells first receive information about their position, and then interpret this information to determine what they should become. Morphogen gradients are a key mechanism for providing positional information. As a morphogen diffuses from a localized source, it creates a concentration gradient that varies predictably with distance. Each cell can 'read' its position by measuring the local morphogen concentration - high concentration indicates proximity to the source, while low concentration indicates distance from it. This is analogous to a cell determining its latitude by measuring temperature. The positional information provided by morphogen gradients is independent of cell fate specification - the same gradient can specify different patterns in different contexts depending on how cells are programmed to respond. For example, the same morphogen might specify 'head' versus 'tail' in one context, but 'dorsal' versus 'ventral' in another. This separation of position specification from fate determination provides flexibility in development. Positional information explains how genetically identical cells can adopt different fates based solely on their location, a critical feature of multicellular development.",Hard,"This answer explains a fundamental organizing principle of development. Understanding positional information helps students appreciate how spatial patterns emerge from molecular signals.","Think about how cells might know 'where they are' in a developing embryo, separate from knowing 'what they should become'.","1. Define positional information (location signals)\n2. Explain Wolpert's concept (position first, fate second)\n3. Connect to morphogen gradients (concentration = position)\n4. Provide analogy (like latitude and temperature)\n5. Explain independence from fate specification\n6. Note flexibility in interpretation"
IB,Grade 12,Biology HL,Developmental Biology (HL),Morphogens & Gradients,Match,"Match each term to its definition:\n\nTerms:\n1. Morphogen\n2. Gradient\n3. Positional information\n4. Threshold response\n\nDefinitions:\nA) Signals that tell cells where they are located in a developing structure\nB) A signaling molecule that forms a concentration pattern to specify cell fate\nC) A gradual change in concentration across space\nD) A switch-like cellular response that occurs when signal concentration crosses a specific level","[""1-B"", ""2-C"", ""3-A"", ""4-D""]","1-B, 2-C, 3-A, 4-D",Easy,"Understanding these key concepts is essential for comprehending how spatial patterns form during development. Each term represents an important aspect of the morphogen gradient system.","Match the molecular, physical, informational, and response aspects of pattern formation.","1. Morphogen = signaling molecule (1-B)\n2. Gradient = concentration change across space (2-C)\n3. Positional information = location signals (3-A)\n4. Threshold response = concentration-dependent switch (4-D)"
IB,Grade 12,Biology HL,Developmental Biology (HL),Morphogens & Gradients,MCQ,"Why must morphogen gradients be precisely regulated during development?","[""A) To conserve energy in the developing embryo"", ""B) To ensure cells receive accurate positional information for correct pattern formation"", ""C) To prevent the morphogen from being toxic"", ""D) To allow the embryo to grow larger""]",B,Medium,"Precise regulation of morphogen gradients is critical because even small errors in gradient formation can lead to pattern defects. Cells make fate decisions based on specific concentration thresholds, so the gradient must be reproducible and stable. Factors like production rate, degradation rate, and diffusion properties must be tightly controlled.","Consider what would happen if the gradient was too steep, too shallow, or shifted.","1. Cells use concentration to determine fate\n2. Incorrect gradients give wrong positional information\n3. This causes pattern defects\n4. Answer: B"
IB,Grade 12,Biology HL,Developmental Biology (HL),Morphogens & Gradients,MCQ,"Which factor would affect the shape of a morphogen gradient?","[""A) The rate at which the morphogen is produced at the source"", ""B) The color of the developing tissue"", ""C) The temperature of the laboratory"", ""D) The age of the parent organism""]",A,Hard,"The shape of a morphogen gradient depends on several factors including production rate at the source, degradation or removal rate, and diffusion rate. Higher production rates create steeper gradients with higher overall concentrations. Faster degradation creates steeper, more localized gradients. Diffusion rate affects how far the morphogen spreads.","Think about what controls how much morphogen is present and how far it spreads.","1. Gradient depends on production and removal\n2. Higher production = more morphogen\n3. This affects gradient shape and range\n4. Answer: A"
IB,Grade 12,Biology HL,Developmental Biology (HL),Morphogens & Gradients,FillBlank,"In the French flag model, different ___ of morphogen concentration trigger different cell fates.",thresholds,Medium,"Thresholds are specific concentration levels that, when crossed, trigger changes in cell behavior. In the French flag model, there are typically two thresholds: a high threshold above which cells become 'blue,' a low threshold below which cells become 'red,' and intermediate concentrations between thresholds produce 'white' cells.","These are the specific concentration levels that cause cells to switch from one fate to another.","1. Cells respond to concentration levels\n2. Specific levels trigger fate switches\n3. These levels are called thresholds\n4. Answer: thresholds"
IB,Grade 12,Biology HL,Developmental Biology (HL),Morphogens & Gradients,FillBlank,"Lewis ___ proposed the concept of positional information in developmental biology.",Wolpert,Hard,"Lewis Wolpert was a developmental biologist who made major contributions to understanding pattern formation. His concept of positional information and the French flag model have been fundamental to understanding how embryos develop organized structures. He famously said 'It is not birth, marriage, or death, but gastrulation which is truly the most important time in your life.'","This British developmental biologist's name is associated with positional information.","1. The positional information concept has an originator\n2. This scientist is famous in developmental biology\n3. His name is Wolpert\n4. Answer: Wolpert"
IB,Grade 12,Biology HL,Developmental Biology (HL),Morphogens & Gradients,FreeResponse,"Explain why morphogen gradients are more useful for pattern formation than simple 'on/off' signals.","Morphogen gradients are more useful for pattern formation than simple 'on/off' signals because they provide graded, continuous positional information that can specify multiple cell types from a single signal. With an on/off signal, cells can only receive two types of information: signal present or signal absent, which can create at most two different cell types. In contrast, a morphogen gradient provides a range of concentrations, and cells can respond with different fates at different concentration thresholds. This allows a single morphogen to specify three, four, or more distinct cell types along an axis - for example, the French flag model shows three cell types from one gradient. Additionally, morphogen gradients provide more refined positional information. Not only can cells determine if they are in region A or region B, but they can also determine where within that region they are located based on the exact concentration they detect. This enables smooth pattern formation and proper scaling - if the tissue is larger or smaller, the gradient can adjust proportionally. Furthermore, using gradients is economical - rather than requiring separate signals for each cell type, one morphogen can organize an entire axis. Finally, gradients provide robustness through redundancy - if morphogen concentration is slightly perturbed, cells can still generally interpret their correct position because they are comparing concentrations rather than detecting absolute signals.",Hard,"This answer explains the advantages of graded signaling versus binary signaling. Understanding this helps appreciate why evolution has favored morphogen gradients as a pattern-forming mechanism.","Compare how much information a gradient can provide versus a simple on/off signal.","1. Compare information content (graded vs binary)\n2. Explain multiple cell types from one gradient\n3. Describe refined positional information\n4. Mention scaling and proportionality\n5. Discuss economy and efficiency\n6. Note robustness to perturbations"
IB,Grade 12,Biology HL,Developmental Biology (HL),Morphogens & Gradients,FreeResponse,"Describe how cells might measure morphogen concentration and convert it into a developmental decision.","Cells measure morphogen concentration and convert it into developmental decisions through a signal transduction pathway involving receptors and transcription factors. First, morphogens bind to specific cell surface receptors. The amount of receptor binding is proportional to the morphogen concentration - more morphogen means more receptors are activated. Second, receptor activation triggers intracellular signaling cascades that often involve phosphorylation of proteins. The strength of this signaling typically correlates with the number of activated receptors, creating an intracellular signal that reflects external morphogen concentration. Third, these signaling pathways ultimately affect transcription factors - proteins that regulate gene expression. At different morphogen concentrations, different amounts or types of transcription factors become active. Fourth, these transcription factors bind to regulatory regions of target genes and activate or repress their expression. Genes typically have threshold requirements - they are only activated when transcription factor levels exceed a certain amount. This creates the threshold responses seen in the French flag model. Fifth, the activated genes often encode additional transcription factors or signaling molecules that reinforce the cell fate decision and may cross-repress alternative fates. This converts a graded, reversible signal into a stable, discrete cell fate. The entire system acts as a biological analogue to digital converter, taking a continuous input (morphogen concentration) and producing discrete outputs (specific cell fates).",Medium,"This answer connects extracellular signaling to intracellular responses and gene expression. Understanding this pathway helps explain how chemical gradients are translated into biological outcomes.","Think about the steps from morphogen outside the cell to genes being turned on or off inside the cell.","1. Describe morphogen-receptor binding (proportional to concentration)\n2. Explain signal transduction cascades\n3. Describe transcription factor activation\n4. Explain threshold-dependent gene expression\n5. Discuss fate stabilization and cross-repression\n6. Note analogue-to-digital conversion"
IB,Grade 12,Biology HL,Developmental Biology (HL),Morphogens & Gradients,Match,"Match each morphogen concept to an example or application:\n\nConcepts:\n1. Source of morphogen\n2. Morphogen concentration\n3. Threshold concentration\n4. Cell fate\n\nExamples:\nA) The specific type of cell that develops (e.g., neuron vs muscle)\nB) A specific localized group of cells that produces the signaling molecule\nC) The level of signal that must be exceeded to activate certain genes\nD) The amount of signaling molecule at a particular location","[""1-B"", ""2-D"", ""3-C"", ""4-A""]","1-B, 2-D, 3-C, 4-A",Medium,"Understanding the components of the morphogen gradient system helps explain how spatial patterns form. Each element plays a specific role in translating position into cell identity.","Match the source, signal level, decision point, and outcome.","1. Source = localized producer cells (1-B)\n2. Concentration = signal amount at location (2-D)\n3. Threshold = decision level for gene activation (3-C)\n4. Cell fate = developmental outcome (4-A)"
IB,Grade 12,Biology HL,Developmental Biology (HL),Morphogens & Gradients,MCQ,"What advantage does using morphogen gradients provide for developmental robustness?","[""A) Gradients prevent all mutations from occurring"", ""B) Gradients allow development to proceed without any genes"", ""C) Gradients can self-adjust and scale to accommodate different tissue sizes"", ""D) Gradients eliminate the need for cell division""]",C,Hard,"Morphogen gradients provide robustness because they can scale with tissue size. If an embryo is larger or smaller than average, the gradient can adjust proportionally - the source produces more morphogen for larger tissues, maintaining the same relative concentration profile. This allows proper pattern formation despite size variation.","Think about what happens if an embryo is slightly larger or smaller than normal.","1. Tissues can vary in size\n2. Gradients can scale proportionally\n3. This maintains correct patterning\n4. Answer: C"
IB,Grade 12,Biology HL,Developmental Biology (HL),Morphogens & Gradients,FillBlank,"The spread of morphogens from their source through tissue occurs primarily by ___.",diffusion,Easy,"Diffusion is the passive movement of molecules from areas of high concentration to low concentration. Morphogens diffuse from their source (high concentration) outward (lower concentration), creating the gradient. Some morphogens may also use active transport, but diffusion is the primary mechanism.","This is the passive movement of molecules from high to low concentration.","1. Morphogens move from source outward\n2. This creates concentration gradient\n3. Movement is by diffusion\n4. Answer: diffusion"
IB,Grade 12,Biology HL,Developmental Biology (HL),Morphogens & Gradients,FillBlank,"Cells respond to morphogen gradients by activating different sets of ___ that determine their developmental fate.",genes,Easy,"Different morphogen concentrations activate different combinations of genes through transcription factors. These genes encode proteins that determine cell structure and function, establishing cell fate. The pattern of gene expression is what ultimately makes cells different from each other.","Morphogens control what gets transcribed - what are being turned on or off?","1. Morphogens affect transcription\n2. Different concentrations activate different sets\n3. These are genes being expressed\n4. Answer: genes"
IB,Grade 12,Biology HL,Developmental Biology (HL),Morphogens & Gradients,FreeResponse,"Explain how the same morphogen gradient could potentially specify different patterns in different parts of the embryo or in different organisms.","The same morphogen gradient can specify different patterns in different contexts because cellular response to morphogens depends not only on the morphogen itself, but also on the competence of the receiving cells and the genetic regulatory networks they possess. First, cells in different regions of the embryo or in different organisms may have different combinations of transcription factors already present. These preexisting factors can interact with morphogen-activated factors, creating different outcomes. For example, the same morphogen concentration might activate gene X in one cell type but gene Y in another, depending on what transcription factors are already there. Second, cells may express different receptors or have different receptor densities, affecting their sensitivity to the morphogen. Third, the downstream target genes of morphogen signaling can differ between cell types or species. Evolution can rewire these gene regulatory networks, so the same morphogen signal activates different sets of genes. Fourth, the presence or absence of other signaling molecules can modify the response to a morphogen - signals often work combinatorially. For instance, high morphogen + signal A might specify one fate, while high morphogen + signal B specifies another. This principle explains how a relatively small number of signaling molecules can generate the diverse patterns seen across different tissues and organisms - it's not just the signals themselves, but how cells are programmed to interpret them that matters.",Hard,"This answer explains how the same signal can have different outcomes depending on cellular context. This concept is important for understanding both development and evolution.","Consider that the morphogen is just a signal - how cells respond depends on their internal state and programming.","1. Explain context-dependence of cellular responses\n2. Describe role of preexisting transcription factors\n3. Discuss receptor differences affecting sensitivity\n4. Explain evolutionary rewiring of downstream targets\n5. Describe combinatorial signaling (multiple signals)\n6. Connect to developmental and evolutionary diversity"
